User Input,Chatbot Response,Timestamp
hello,Hi there,2024-09-10 01:21:51
how are you ,My purpose is to assist you,2024-09-10 01:21:57
weather ,"I'm sorry, I cannot provide real-time weather information.",2024-09-10 01:22:20
How do I create a budget,"To make a budget, start by tracking your income and expenses. Then, allocate your income towards essential expenses like rent, food, and bills. Next, allocate some of your income towards savings and debt repayment. Finally, allocate the remainder of your income towards discretionary expenses like entertainment and hobbies.",2024-09-10 01:22:30
Today is a nice weather,"I'm sorry, I cannot provide real-time weather information.",2024-10-03 08:29:52
How's the weather today,"I'm sorry, I cannot provide real-time weather information.",2024-10-03 08:30:47
Hi,Hello,2024-10-03 08:30:56
hi,Nothing much,2024-12-02 21:47:27
what is a cell,"Mindfulness is the practice of being fully present in the moment, observing thoughts and feelings without judgment.",2024-12-02 22:15:08
what is a brain,"Mindfulness techniques include meditation, deep breathing, body scanning, and mindful eating.",2024-12-02 22:15:28
what is a human brain?,"Mindfulness is the practice of being fully present in the moment, observing thoughts and feelings without judgment.",2024-12-05 00:21:02
what is a human cell,"Mindfulness is the practice of being fully present in the moment, observing thoughts and feelings without judgment.",2024-12-05 00:21:26
what is a human cell,"Mindfulness is the practice of being fully present in the moment, observing thoughts and feelings without judgment.",2024-12-05 00:21:46
what are you,My purpose is to assist you,2024-12-05 00:22:06
